{"cameraMode":{"drawMode":0,"name":"Shaded","section":"Shading Mode"},"sceneLighting":false,"audioPlay":false,"sceneViewState":{"showFog":true,"showMaterialUpdate":false,"showSkybox":false,"showFlares":true,"showImageEffects":true,"showParticleSystems":true},"in2DMode":false,"pivot":{"x":0.03142215311527252,"y":-0.02731078863143921,"z":-0.0017805099487304688},"rotation":{"x":-0.16901075839996339,"y":0.7126673460006714,"z":-0.18372827768325807,"w":-0.6555796265602112},"size":0.20597916841506959,"orthographic":false}