{"cameraMode":{"drawMode":0,"name":"Shaded","section":"Shading Mode"},"sceneLighting":false,"audioPlay":false,"sceneViewState":{"showFog":true,"showMaterialUpdate":false,"showSkybox":false,"showFlares":true,"showImageEffects":true,"showParticleSystems":true},"in2DMode":false,"pivot":{"x":-0.03495582193136215,"y":-0.027430547401309015,"z":0.027624716982245446},"rotation":{"x":-0.16901075839996339,"y":0.7126673460006714,"z":-0.18372827768325807,"w":-0.6555796265602112},"size":0.2036464810371399,"orthographic":false}